1, 0, 0x0, 
2, 0, 0x0, 
3, 0, 0x0, 
4, 64, 0x40, @
5, 6, 0x6, 
6, 176, 0xb0, 
7, 4, 0x4, 
8, 117, 0x75, u
9, 5, 0x5, 
10, 29, 0x1d, 
11, 4, 0x4, 
12, 201, 0xc9, 
13, 4, 0x4, 
14, 255, 0xff, 
15, 1, 0x1, 
16, 35, 0x23, #
17, 0, 0x0, 
18, 97, 0x61, a
19, 3, 0x3, 
20, 190, 0xbe, 
21, 0, 0x0, 
22, 246, 0xf6, 
23, 0, 0x0, 
24, 44, 0x2c, ,
25, 1, 0x1, 
26, 119, 0x77, w
27, 1, 0x1, 
28, 38, 0x26, &
29, 35, 0x23, #
30, 8, 0x8, 
31, 0, 0x0, 
32, 85, 0x55, U
33, 27, 0x1b, 
34, 9, 0x9, 
35, 0, 0x0, 
36, 103, 0x67, g
37, 27, 0x1b, 
38, 27, 0x1b, 
39, 0, 0x0, 
40, 224, 0xe0, 
41, 255, 0xff, 
42, 19, 0x13, 
43, 0, 0x0, 
44, 216, 0xd8, 
45, 255, 0xff, 
46, 231, 0xe7, 
47, 255, 0xff, 
48, 216, 0xd8, 
49, 2, 0x2, 
50, 200, 0xc8, 
51, 0, 0x0, 
52, 200, 0xc8, 
53, 0, 0x0, 
54, 188, 0xbc, 
55, 0, 0x0, 
56, 200, 0xc8, 
57, 0, 0x0, 
58, 237, 0xed, 
59, 5, 0x5, 
60, 0, 0x0, 
61, 0, 0x0, 
62, 0, 0x0, 
63, 0, 0x0, 
64, 0, 0x0, 
65, 0, 0x0, 
66, 0, 0x0, 
67, 0, 0x0, 
68, 0, 0x0, 
69, 0, 0x0, 
70, 0, 0x0, 
71, 0, 0x0, 
72, 0, 0x0, 
73, 0, 0x0, 
74, 0, 0x0, 
75, 0, 0x0, 
76, 0, 0x0, 
77, 0, 0x0, 
78, 0, 0x0, 
79, 0, 0x0, 
80, 24, 0x18, 
81, 3, 0x3, 
82, 88, 0x58, X
83, 2, 0x2, 
84, 30, 0x1e, 
85, 2, 0x2, 
86, 58, 0x3a, :
87, 4, 0x4, 
88, 201, 0xc9, 
89, 11, 0xb, 
90, 32, 0x20,  
91, 8, 0x8, 
92, 8, 0x8, 
93, 5, 0x5, 
94, 0, 0x0, 
95, 0, 0x0, 
96, 0, 0x0, 
97, 0, 0x0, 
98, 0, 0x0, 
99, 0, 0x0, 
100, 0, 0x0, 
101, 0, 0x0, 
102, 0, 0x0, 
103, 0, 0x0, 
104, 41, 0x29, )
105, 13, 0xd, 
106, 24, 0x18, 
107, 3, 0x3, 
108, 88, 0x58, X
109, 2, 0x2, 
110, 0, 0x0, 
111, 0, 0x0, 
112, 200, 0xc8, 
113, 200, 0xc8, 
114, 175, 0xaf, 
115, 175, 0xaf, 
116, 120, 0x78, x
117, 120, 0x78, x
118, 128, 0x80, 
119, 128, 0x80, 
120, 128, 0x80, 
121, 95, 0x5f, _
122, 3, 0x3, 
123, 12, 0xc, 
124, 2, 0x2, 
125, 4, 0x4, 
126, 0, 0x0, 
127, 22, 0x16, 
128, 0, 0x0, 
129, 0, 0x0, 
130, 0, 0x0, 
131, 0, 0x0, 
132, 0, 0x0, 
133, 0, 0x0, 
134, 0, 0x0, 
135, 0, 0x0, 
136, 0, 0x0, 
137, 0, 0x0, 
138, 0, 0x0, 
139, 0, 0x0, 
140, 0, 0x0, 
141, 0, 0x0, 
142, 0, 0x0, 
143, 0, 0x0, 
144, 0, 0x0, 
145, 0, 0x0, 
146, 0, 0x0, 
147, 0, 0x0, 
148, 0, 0x0, 
149, 0, 0x0, 
150, 0, 0x0, 
151, 0, 0x0, 
152, 1, 0x1, 
153, 0, 0x0, 
154, 0, 0x0, 
155, 0, 0x0, 
156, 116, 0x74, t
157, 183, 0xb7, 
158, 1, 0x1, 
159, 0, 0x0, 
160, 16, 0x10, 
161, 4, 0x4, 
162, 0, 0x0, 
163, 0, 0x0, 
164, 0, 0x0, 
165, 0, 0x0, 
166, 0, 0x0, 
167, 0, 0x0, 
168, 0, 0x0, 
169, 0, 0x0, 
170, 0, 0x0, 
171, 0, 0x0, 
172, 133, 0x85, 
173, 187, 0xbb, 
174, 1, 0x1, 
175, 0, 0x0, 
176, 85, 0x55, U
177, 27, 0x1b, 
178, 36, 0x24, $
179, 1, 0x1, 
180, 100, 0x64, d
181, 0, 0x0, 
182, 222, 0xde, 
183, 28, 0x1c, 
184, 90, 0x5a, Z
185, 75, 0x4b, K
186, 84, 0x54, T
187, 101, 0x65, e
188, 99, 0x63, c
189, 111, 0x6f, o
190, 32, 0x20,  
191, 73, 0x49, I
192, 110, 0x6e, n
193, 99, 0x63, c
194, 46, 0x2e, .
195, 0, 0x0, 
196, 0, 0x0, 
197, 0, 0x0, 
198, 0, 0x0, 
199, 0, 0x0, 
200, 90, 0x5a, Z
201, 75, 0x4b, K
202, 57, 0x39, 9
203, 53, 0x35, 5
204, 48, 0x30, 0
205, 48, 0x30, 0
206, 0, 0x0, 
207, 0, 0x0, 
208, 0, 0x0, 
209, 0, 0x0, 
210, 0, 0x0, 
211, 0, 0x0, 
212, 0, 0x0, 
213, 0, 0x0, 
214, 0, 0x0, 
215, 0, 0x0, 
216, 49, 0x31, 1
217, 57, 0x39, 9
218, 56, 0x38, 8
219, 53, 0x35, 5
220, 50, 0x32, 2
221, 53, 0x35, 5
222, 50, 0x32, 2
223, 54, 0x36, 6
224, 48, 0x30, 0
225, 48, 0x30, 0
226, 54, 0x36, 6
227, 55, 0x37, 7
228, 49, 0x31, 1
229, 0, 0x0, 
230, 0, 0x0, 
231, 0, 0x0, 
232, 0, 0x0, 
233, 0, 0x0, 
234, 0, 0x0, 
235, 0, 0x0, 
236, 0, 0x0, 
237, 0, 0x0, 
238, 0, 0x0, 
239, 0, 0x0, 
240, 0, 0x0, 
241, 0, 0x0, 
242, 0, 0x0, 
243, 0, 0x0, 
244, 0, 0x0, 
245, 0, 0x0, 
246, 0, 0x0, 
247, 0, 0x0, 
248, 0, 0x0, 
249, 0, 0x0, 
250, 0, 0x0, 
251, 0, 0x0, 
252, 0, 0x0, 
253, 0, 0x0, 
254, 0, 0x0, 
255, 0, 0x0, 
1, 0, 0x0, 
2, 0, 0x0, 
3, 0, 0x0, 
4, 64, 0x40, @
5, 6, 0x6, 
6, 176, 0xb0, 
7, 4, 0x4, 
8, 117, 0x75, u
9, 5, 0x5, 
10, 29, 0x1d, 
11, 4, 0x4, 
12, 201, 0xc9, 
13, 4, 0x4, 
14, 255, 0xff, 
15, 1, 0x1, 
16, 35, 0x23, #
17, 0, 0x0, 
18, 97, 0x61, a
19, 3, 0x3, 
20, 190, 0xbe, 
21, 0, 0x0, 
22, 246, 0xf6, 
23, 0, 0x0, 
24, 44, 0x2c, ,
25, 1, 0x1, 
26, 119, 0x77, w
27, 1, 0x1, 
28, 38, 0x26, &
29, 35, 0x23, #
30, 8, 0x8, 
31, 0, 0x0, 
32, 85, 0x55, U
33, 27, 0x1b, 
34, 9, 0x9, 
35, 0, 0x0, 
36, 103, 0x67, g
37, 27, 0x1b, 
38, 27, 0x1b, 
39, 0, 0x0, 
40, 224, 0xe0, 
41, 255, 0xff, 
42, 19, 0x13, 
43, 0, 0x0, 
44, 216, 0xd8, 
45, 255, 0xff, 
46, 231, 0xe7, 
47, 255, 0xff, 
48, 216, 0xd8, 
49, 2, 0x2, 
50, 200, 0xc8, 
51, 0, 0x0, 
52, 200, 0xc8, 
53, 0, 0x0, 
54, 188, 0xbc, 
55, 0, 0x0, 
56, 200, 0xc8, 
57, 0, 0x0, 
58, 237, 0xed, 
59, 5, 0x5, 
60, 0, 0x0, 
61, 0, 0x0, 
62, 0, 0x0, 
63, 0, 0x0, 
64, 0, 0x0, 
65, 0, 0x0, 
66, 0, 0x0, 
67, 0, 0x0, 
68, 0, 0x0, 
69, 0, 0x0, 
70, 0, 0x0, 
71, 0, 0x0, 
72, 0, 0x0, 
73, 0, 0x0, 
74, 0, 0x0, 
75, 0, 0x0, 
76, 0, 0x0, 
77, 0, 0x0, 
78, 0, 0x0, 
79, 0, 0x0, 
80, 24, 0x18, 
81, 3, 0x3, 
82, 88, 0x58, X
83, 2, 0x2, 
84, 30, 0x1e, 
85, 2, 0x2, 
86, 58, 0x3a, :
87, 4, 0x4, 
88, 201, 0xc9, 
89, 11, 0xb, 
90, 32, 0x20,  
91, 8, 0x8, 
92, 8, 0x8, 
93, 5, 0x5, 
94, 0, 0x0, 
95, 0, 0x0, 
96, 0, 0x0, 
97, 0, 0x0, 
98, 0, 0x0, 
99, 0, 0x0, 
100, 0, 0x0, 
101, 0, 0x0, 
102, 0, 0x0, 
103, 0, 0x0, 
104, 41, 0x29, )
105, 13, 0xd, 
106, 24, 0x18, 
107, 3, 0x3, 
108, 88, 0x58, X
109, 2, 0x2, 
110, 0, 0x0, 
111, 0, 0x0, 
112, 200, 0xc8, 
113, 200, 0xc8, 
114, 175, 0xaf, 
115, 175, 0xaf, 
116, 120, 0x78, x
117, 120, 0x78, x
118, 128, 0x80, 
119, 128, 0x80, 
120, 128, 0x80, 
121, 95, 0x5f, _
122, 3, 0x3, 
123, 12, 0xc, 
124, 2, 0x2, 
125, 4, 0x4, 
126, 0, 0x0, 
127, 22, 0x16, 
128, 0, 0x0, 
129, 0, 0x0, 
130, 0, 0x0, 
131, 0, 0x0, 
132, 0, 0x0, 
133, 0, 0x0, 
134, 0, 0x0, 
135, 0, 0x0, 
136, 0, 0x0, 
137, 0, 0x0, 
138, 0, 0x0, 
139, 0, 0x0, 
140, 0, 0x0, 
141, 0, 0x0, 
142, 0, 0x0, 
143, 0, 0x0, 
144, 0, 0x0, 
145, 0, 0x0, 
146, 0, 0x0, 
147, 0, 0x0, 
148, 0, 0x0, 
149, 0, 0x0, 
150, 0, 0x0, 
151, 0, 0x0, 
152, 1, 0x1, 
153, 0, 0x0, 
154, 0, 0x0, 
155, 0, 0x0, 
156, 116, 0x74, t
157, 183, 0xb7, 
158, 1, 0x1, 
159, 0, 0x0, 
160, 16, 0x10, 
161, 4, 0x4, 
162, 0, 0x0, 
163, 0, 0x0, 
164, 0, 0x0, 
165, 0, 0x0, 
166, 0, 0x0, 
167, 0, 0x0, 
168, 0, 0x0, 
169, 0, 0x0, 
170, 0, 0x0, 
171, 0, 0x0, 
172, 133, 0x85, 
173, 187, 0xbb, 
174, 1, 0x1, 
175, 0, 0x0, 
176, 85, 0x55, U
177, 27, 0x1b, 
178, 36, 0x24, $
179, 1, 0x1, 
180, 100, 0x64, d
181, 0, 0x0, 
182, 222, 0xde, 
183, 28, 0x1c, 
184, 90, 0x5a, Z
185, 75, 0x4b, K
186, 84, 0x54, T
187, 101, 0x65, e
188, 99, 0x63, c
189, 111, 0x6f, o
190, 32, 0x20,  
191, 73, 0x49, I
192, 110, 0x6e, n
193, 99, 0x63, c
194, 46, 0x2e, .
195, 0, 0x0, 
196, 0, 0x0, 
197, 0, 0x0, 
198, 0, 0x0, 
199, 0, 0x0, 
200, 90, 0x5a, Z
201, 75, 0x4b, K
202, 57, 0x39, 9
203, 53, 0x35, 5
204, 48, 0x30, 0
205, 48, 0x30, 0
206, 0, 0x0, 
207, 0, 0x0, 
208, 0, 0x0, 
209, 0, 0x0, 
210, 0, 0x0, 
211, 0, 0x0, 
212, 0, 0x0, 
213, 0, 0x0, 
214, 0, 0x0, 
215, 0, 0x0, 
216, 49, 0x31, 1
217, 57, 0x39, 9
218, 56, 0x38, 8
219, 53, 0x35, 5
220, 50, 0x32, 2
221, 53, 0x35, 5
222, 50, 0x32, 2
223, 54, 0x36, 6
224, 48, 0x30, 0
225, 48, 0x30, 0
226, 54, 0x36, 6
227, 55, 0x37, 7
228, 49, 0x31, 1
229, 0, 0x0, 
230, 0, 0x0, 
231, 0, 0x0, 
232, 0, 0x0, 
233, 0, 0x0, 
234, 0, 0x0, 
235, 0, 0x0, 
236, 0, 0x0, 
237, 0, 0x0, 
238, 0, 0x0, 
239, 0, 0x0, 
240, 0, 0x0, 
241, 0, 0x0, 
242, 0, 0x0, 
243, 0, 0x0, 
244, 0, 0x0, 
245, 0, 0x0, 
246, 0, 0x0, 
247, 0, 0x0, 
248, 0, 0x0, 
249, 0, 0x0, 
250, 0, 0x0, 
251, 0, 0x0, 
252, 0, 0x0, 
253, 0, 0x0, 
254, 0, 0x0, 
255, 0, 0x0, 
1, 0, 0x0, 
2, 0, 0x0, 
3, 0, 0x0, 
4, 64, 0x40, @
5, 6, 0x6, 
6, 176, 0xb0, 
7, 4, 0x4, 
8, 117, 0x75, u
9, 5, 0x5, 
10, 29, 0x1d, 
11, 4, 0x4, 
12, 201, 0xc9, 
13, 4, 0x4, 
14, 255, 0xff, 
15, 1, 0x1, 
16, 35, 0x23, #
17, 0, 0x0, 
18, 97, 0x61, a
